name,city,state,phone,website
Sunshine State RV Resort,Kissimmee,Florida,(407) 555-0101,https://sunshinestatervresort.com
Palm Beach RV Park,West Palm Beach,Florida,(561) 555-0102,
Ocala National Forest Campground,Silver Springs,Florida,(352) 555-0103,https://ocalanationalforestcamp.com
Suncoast RV Resort,Clearwater,Florida,(727) 555-0104,https://suncoastrvresort.com
Florida Keys RV Park,Key Largo,Florida,(305) 555-0105,
Everglades Adventures Camp,Homestead,Florida,(305) 555-0106,https://evergladesadventurescamp.com
Daytona Beach Campground,Daytona Beach,Florida,(386) 555-0107,https://daytonabeachcamp.com
Gulf Coast RV Resort,Fort Myers,Florida,(239) 555-0108,https://gulfcoastrvresort.com
Panhandle RV Park,Pensacola,Florida,(850) 555-0109,
St. Augustine Shores RV,St. Augustine,Florida,(904) 555-0110,https://staugustineshoresrv.com
Central Florida Camping,Orlando,Florida,(407) 555-0111,
Lakeland RV Resort,Lakeland,Florida,(863) 555-0112,https://lakelandrvresort.com
Treasure Coast RV Park,Stuart,Florida,(772) 555-0113,
Emerald Coast RV Beach Resort,Destin,Florida,(850) 555-0114,https://emeraldcoastrvbeach.com
Nature's Edge RV Park,Ocala,Florida,(352) 555-0115,
Suwannee River Campground,Live Oak,Florida,(386) 555-0116,https://suwanneerivercamp.com
Titusville RV Park,Titusville,Florida,(321) 555-0117,
Estero Bay RV Park,Estero,Florida,(239) 555-0118,https://esterobayrvpark.com
Crystal River RV Resort,Crystal River,Florida,(352) 555-0119,https://crystalriverrvresort.com
Gainesville Campground,Gainesville,Florida,(352) 555-0120,
Fort Lauderdale RV Resort,Fort Lauderdale,Florida,(954) 555-0121,https://ftlauderdaleresort.com
Manatee Springs RV Camp,Chiefland,Florida,(352) 555-0122,
Jacksonville Beach RV Park,Jacksonville Beach,Florida,(904) 555-0123,https://jacksonvillebeachrvpark.com
Lake Placid RV Resort,Lake Placid,Florida,(863) 555-0124,https://lakeplacidrvresort.com
Gulf Islands RV Park,Panama City Beach,Florida,(850) 555-0125,https://gulfislandsrvpark.com
Lone Star RV Resort,Houston,Texas,(713) 555-0126,https://lonestarrvresort.com
Austin RV Park,Austin,Texas,(512) 555-0127,https://austinrvpark.com
San Antonio Oaks RV Camp,San Antonio,Texas,(210) 555-0128,
Big Bend Gateway RV,Alpine,Texas,(432) 555-0129,https://bigbendgatewayRV.com
Gulf Coast Getaway RV,Galveston,Texas,(409) 555-0130,https://gulfcoastgetawayrv.com
South Padre Island Camping,South Padre Island,Texas,(956) 555-0131,https://southpadrecamping.com
Hill Country RV Resort,Fredericksburg,Texas,(830) 555-0132,https://hillcountryrvresort.com
Dallas RV Center,Dallas,Texas,(214) 555-0133,
Fort Worth Lakeside RV,Fort Worth,Texas,(817) 555-0134,https://fortworthlakesidRV.com
Corpus Christi RV Park,Corpus Christi,Texas,(361) 555-0135,https://corpuschristiparkRV.com
Guadalupe River RV Resort,New Braunfels,Texas,(830) 555-0136,https://guadalupervresort.com
Amarillo KOA,Amarillo,Texas,(806) 555-0137,
Lubbock Camping World RV,Lubbock,Texas,(806) 555-0138,https://lubbockcamp.com
Pedernales River Ranch,Johnson City,Texas,(830) 555-0139,https://pedernalesriverranch.com
Texas Star RV Park,Waco,Texas,(254) 555-0140,https://texasstarrvpark.com
Lake Conroe RV Resort,Conroe,Texas,(936) 555-0141,https://lakeconroervresort.com
Rio Grande Valley RV Park,McAllen,Texas,(956) 555-0142,
East Texas Pines RV Camp,Nacogdoches,Texas,(936) 555-0143,https://easttexaspinesrv.com
Medina Lake RV Resort,Bandera,Texas,(830) 555-0144,https://medinalakervresort.com
Brazos Bend RV Camp,Rosenberg,Texas,(281) 555-0145,
Texas Hill Country Camp,Marble Falls,Texas,(830) 555-0146,https://txhillcountrycamp.com
Enchanted Rock RV,Llano,Texas,(325) 555-0147,
Padre Balli RV Park,Corpus Christi,Texas,(361) 555-0148,https://padreballirvpark.com
Colorado River RV Camp,Columbus,Texas,(979) 555-0149,
Possum Kingdom RV Resort,Graford,Texas,(940) 555-0150,https://possumkingdomrv.com
Palo Duro Canyon Camp,Canyon,Texas,(806) 555-0151,https://palodurocamp.com
Lake Buchanan RV Resort,Buchanan Dam,Texas,(512) 555-0152,https://lakebuchananrv.com
Devil's River RV Camp,Del Rio,Texas,(830) 555-0153,
Balcones Canyonlands Camp,Lago Vista,Texas,(512) 555-0154,https://balconescanyonlandscamp.com
Bandera River RV Resort,Bandera,Texas,(830) 555-0155,https://banderariverrv.com
Yosemite Pines RV Resort,Groveland,California,(209) 555-0157,https://yosemitepinesrv.com
Pacific Coast RV Park,Morro Bay,California,(805) 555-0158,
Sedona Shadows RV Resort,Sedona,Arizona,(928) 555-0159,https://sedonashadowsrv.com
Grand Canyon RV Camp,Williams,Arizona,(928) 555-0160,
Rocky Mountain RV Resort,Estes Park,Colorado,(970) 555-0161,https://rockymtnrvresort.com
Durango Mesa RV Camp,Durango,Colorado,(970) 555-0162,
Smoky Mountain RV Park,Gatlinburg,Tennessee,(865) 555-0163,https://smokymtnrvpark.com
Nashville KOA Holiday,Nashville,Tennessee,(615) 555-0164,
Blue Ridge Parkway Campground,Boone,North Carolina,(828) 555-0165,https://blueridgepkwcamp.com
Outer Banks RV Resort,Nags Head,North Carolina,(252) 555-0166,
Crater Lake RV Park,Klamath Falls,Oregon,(541) 555-0167,https://craterlakerv.com
Oregon Coast RV Resort,Newport,Oregon,(541) 555-0168,
Las Vegas RV Resort,Las Vegas,Nevada,(702) 555-0169,https://lasvegasrvresort.com
Lake Tahoe RV Camp,Incline Village,Nevada,(775) 555-0170,
White Sands RV Park,Alamogordo,New Mexico,(575) 555-0171,https://whitesandsrvpark.com
Taos Mesa RV Camp,Taos,New Mexico,(575) 555-0172,
Glacier Park RV Camp,Whitefish,Montana,(406) 555-0173,https://glacierparkrv.com
Yellowstone Gateway RV,Gardiner,Montana,(406) 555-0174,
Arches RV Resort,Moab,Utah,(435) 555-0175,https://archesrvresort.com
Bryce Canyon RV Park,Tropic,Utah,(435) 555-0176,
Olympic Peninsula RV Park,Port Angeles,Washington,(360) 555-0177,https://olympicpeninsulaRV.com
Mt. Rainier Base Camp RV,Ashford,Washington,(360) 555-0178,
Blue Ridge Mountain RV,Blue Ridge,Georgia,(706) 555-0179,https://blueridgemtnrv.com
Shenandoah Valley RV Camp,Luray,Virginia,(540) 555-0180,
Myrtle Beach RV Resort,Myrtle Beach,South Carolina,(843) 555-0181,https://myrtlebeachrvresort.com
Sleeping Bear Dunes RV Park,Empire,Michigan,(231) 555-0182,
Boundary Waters RV Camp,Ely,Minnesota,(218) 555-0183,https://boundarywaterscamprv.com
Door County RV Resort,Sturgeon Bay,Wisconsin,(920) 555-0184,
Adirondack RV Park,Lake Placid,New York,(518) 555-0185,https://adirondackrvpark.com
Delaware Water Gap RV,East Stroudsburg,Pennsylvania,(570) 555-0186,
